{"mean": [5.801682277777777, 0.47216966666666665, 99.49423333333333, 0.044727611111111176, 1.4284465555555557, 2.993333333333333, 0.1090918888888889, 0.008588638888888896], "std": [2.5428262564794863, 0.16873274032524532, 43.61054605598411, 56.08404239185841, 1.7137151495133225, 1.9988774627553112, 0.06524280710280882, 2.6831568547600653], "features": ["echo_duration_ms", "signal_amplitude", "distance_cm", "distance_delta", "angular_velocity", "echo_count", "noise_ratio", "doppler_shift_hz"]}